"","player_name","id","season","plays","exp_speed","avg_speed","avg_soe","forty","combine_season","twenty","ten","combine_weight","position","speed_score","speed_perc","speed_rank","adj_forty"
"1","Fabian Moreau",11836,2020,4,2.21155989170075,3.26245426875335,1.0508943770526,4.35,2017,2.51,1.51,206,"CB",0.0211165048543689,100,1,4.3
"2","Shareece Wright",6241,2018,6,2.52825746933619,3.28893128696025,0.760673817624062,4.41,2011,2.68,1.63,185,"CB",0.0238378378378378,85.3,2,4.3
"3","Logan Ryan",7864,2019,6,3.18739422162374,3.85032323349718,0.662929011873441,4.56,2013,2.65,1.58,191,"CB",0.0238743455497382,80.3,3,4.31
"4","Levi Wallace",25445,2020,8,3.05516448616982,3.70699412407339,0.651829637903576,4.63,2018,2.57,1.67,179,"CB",0.0258659217877095,79.7,4,4.31
"5","Carlton Davis",49335,2018,4,2.75242507457733,3.39953558762624,0.647110513048908,4.53,2018,2.64,1.59,206,"CB",0.0219902912621359,79.5,5,4.32
"6","Byron Murphy",44027,2020,4,3.36840200424194,3.99627180798191,0.627869803739966,4.55,2019,2.63671171171171,1.58306306306306,190,"CB",0.0239473684210526,78.5,6,4.32
"7","Jimmy Smith",27,2020,4,2.48560902476311,3.10560602195424,0.619996997191131,4.4954132231405,NA,2.63671171171171,1.58306306306306,NA,NA,NA,78.1,7,4.32
"8","Jimmy Smith",6179,2020,4,2.48560902476311,3.10560602195424,0.619996997191131,4.42,2011,2.63,1.59,211,"CB",0.0209478672985782,78.1,8,4.33
"9","Harrison Smith",3513,2018,9,2.87071519427829,3.42424627351535,0.553531079237053,4.4954132231405,NA,2.63671171171171,1.58306306306306,NA,NA,NA,74.7,9,4.34
"10","Harrison Smith",7641,2018,9,2.87071519427829,3.42424627351535,0.553531079237053,4.54,2012,2.66,1.56,213,"S",0.0213145539906103,74.7,10,4.34
"11","Harrison Smith",82058,2018,9,2.87071519427829,3.42424627351535,0.553531079237053,4.4954132231405,NA,2.63671171171171,1.58306306306306,NA,NA,NA,74.7,11,4.34
"12","Harrison Smith",103996,2018,9,2.87071519427829,3.42424627351535,0.553531079237053,4.4954132231405,NA,2.63671171171171,1.58306306306306,NA,NA,NA,74.7,12,4.35
"13","Harrison Smith",150641,2018,9,2.87071519427829,3.42424627351535,0.553531079237053,4.4954132231405,NA,2.63671171171171,1.58306306306306,NA,NA,NA,74.7,13,4.35
"14","Anthony Averett",50365,2020,7,2.69428392818996,3.21830547430419,0.524021546114228,4.36,2018,2.54,1.5,183,"CB",0.0238251366120219,73.2,14,4.36
"15","Jalen Thompson",49116,2019,5,3.2839204788208,3.79919173430003,0.515271255479227,4.4954132231405,NA,2.63671171171171,1.58306306306306,NA,NA,NA,72.8,15,4.36
"16","Jalen Thompson",49477,2019,5,3.2839204788208,3.79919173430003,0.515271255479227,4.4954132231405,NA,2.63671171171171,1.58306306306306,NA,NA,NA,72.8,16,4.36
"17","Jalen Thompson",150483,2019,5,3.2839204788208,3.79919173430003,0.515271255479227,4.4954132231405,NA,2.63671171171171,1.58306306306306,NA,NA,NA,72.8,17,4.36
"18","Jalen Thompson",152308,2019,5,3.2839204788208,3.79919173430003,0.515271255479227,4.4954132231405,NA,2.63671171171171,1.58306306306306,NA,NA,NA,72.8,18,4.36
"19","Jalen Thompson",155356,2019,5,3.2839204788208,3.79919173430003,0.515271255479227,4.4954132231405,NA,2.63671171171171,1.58306306306306,NA,NA,NA,72.8,19,4.36
"20","Darqueze Dennard",8659,2020,7,2.98332554953439,3.48568867479254,0.502363125258153,4.51,2014,2.65,1.63,199,"CB",0.0226633165829146,72.1,20,4.36
"21","Daryl Worley",10711,2018,5,2.51694498062134,3.01774700012575,0.500802019504415,4.64,2016,2.7,1.64,204,"CB",0.0227450980392157,72.1,21,4.36
"22","Tre'Davious White",11782,2020,5,2.66018618345261,3.16052775920631,0.500341575753704,4.47,2017,2.61,1.52,192,"CB",0.02328125,72,22,4.36
"23","Troy Pride Jr.",42883,2020,4,2.87938958406448,3.37208364357986,0.492694059515371,4.4,2020,2.63671171171171,1.58306306306306,193,"CB",0.0227979274611399,71.6,23,4.37
"24","Gareon Conley",11779,2018,9,2.98717133204142,3.43214614546844,0.444974813427019,4.44,2017,2.58,1.56,195,"CB",0.0227692307692308,69.2,24,4.37
"25","Kareem Jackson",5545,2020,9,3.34864428308275,3.78683493651405,0.438190653431299,4.4,2010,2.61,1.55,196,"CB",0.0224489795918367,68.9,25,4.37
"26","Anthony Harris",9895,2019,5,2.7061735868454,3.13281278910254,0.426639202257144,4.4954132231405,2015,2.63671171171171,1.58306306306306,183,NA,NA,68.3,26,4.37
"27","Anthony Harris",16005,2019,5,2.7061735868454,3.13281278910254,0.426639202257144,4.4954132231405,NA,2.63671171171171,1.58306306306306,NA,NA,NA,68.3,27,4.38
"28","Anthony Harris",142285,2019,5,2.7061735868454,3.13281278910254,0.426639202257144,4.4954132231405,NA,2.63671171171171,1.58306306306306,NA,NA,NA,68.3,28,4.38
"29","Xavier Rhodes",7806,2018,6,3.24253082275391,3.66502918960289,0.422498366848986,4.43,2013,2.59,1.58,210,"CB",0.0210952380952381,68.1,29,4.38
"30","Morris Claiborne",7012,2018,23,3.11667371832806,3.53233101303349,0.415657294705425,4.5,2012,2.61,1.57,188,"CB",0.023936170212766,67.7,30,4.38
"31","Trey Marshall",49154,2019,5,3.44936785697937,3.8559881235086,0.406620266529234,4.58,2018,2.7,1.61,205,"S",0.0223414634146341,67.3,31,4.38
"32","Malik Hooker",11770,2018,6,2.74990512927373,3.15020105021537,0.400295920941635,4.4954132231405,2017,2.63671171171171,1.58306306306306,206,"S",NA,67,32,4.38
"33","Eric Reid",7799,2018,10,2.8053119301796,3.20270285101607,0.397390920836474,4.53,2013,2.62,1.56,213,"S",0.0212676056338028,66.8,33,4.38
"34","Tedric Thompson",11866,2018,4,2.79632318019867,3.1868655418791,0.390542361680433,4.6,2017,2.68,1.63,204,"S",0.0225490196078431,66.5,34,4.38
"35","Mike Hughes",34057,2019,7,3.32698360511235,3.69970285565665,0.372719250544307,4.53,2018,2.68,1.58,189,"CB",0.023968253968254,65.5,35,4.38
"36","Mike Hughes",89358,2019,7,3.32698360511235,3.69970285565665,0.372719250544307,4.4954132231405,NA,2.63671171171171,1.58306306306306,NA,NA,NA,65.5,36,4.38
"37","Amani Hooker",51378,2019,8,2.89972066879272,3.26919769424852,0.369477025455798,4.48,2019,2.63671171171171,1.58306306306306,210,"S",0.0213333333333333,65.4,37,4.38
"38","Daryl Worley",10711,2019,5,3.43463296890259,3.79570270055555,0.361069731652964,4.64,2016,2.7,1.64,204,"CB",0.0227450980392157,65,38,4.39
"39","Josh Norman",1290,2020,5,3.57163248062134,3.92626562675075,0.35463314612941,4.4954132231405,NA,2.63671171171171,1.58306306306306,NA,NA,NA,64.6,39,4.39
"40","Josh Norman",7649,2020,5,3.57163248062134,3.92626562675075,0.35463314612941,4.61,2012,2.72,1.59,197,"CB",0.0234010152284264,64.6,40,4.39
"41","Troy Hill",9881,2020,4,3.8482671380043,4.19945614806453,0.351189010060227,4.55,2015,2.66,1.6,182,"CB",0.025,64.5,41,4.39
"42","Troy Hill",93601,2020,4,3.8482671380043,4.19945614806453,0.351189010060227,4.4954132231405,NA,2.63671171171171,1.58306306306306,NA,NA,NA,64.5,42,4.4
"43","Levi Wallace",25445,2018,4,3.08475780487061,3.43375836550836,0.34900056063776,4.63,2018,2.57,1.67,179,"CB",0.0258659217877095,64.3,43,4.4
"44","Ken Crawley",11224,2018,4,2.91466221213341,3.26364837329742,0.348986161164013,4.43,2016,2.57,1.53,187,"CB",0.0236898395721925,64.3,44,4.4
"45","Julian Love",51081,2020,4,3.16501688957214,3.51142705234022,0.346410162768081,4.54,2019,2.65,1.64,195,"S",0.0232820512820513,64.2,45,4.4
"46","Marshon Lattimore",11766,2020,9,3.36421280437046,3.71030896619156,0.346096161821108,4.36,2017,2.53,1.48,193,"CB",0.0225906735751295,64.2,46,4.4
"47","Tre Herndon",50380,2020,4,2.57594740390777,2.92187890761786,0.345931503710082,4.55,2018,2.74,1.64,188,"CB",0.0242021276595745,64.2,47,4.4
"48","William Jackson III",10658,2020,9,3.69699427816603,4.03215805280454,0.335163774638516,4.37,2016,2.56,1.52,189,"CB",0.0231216931216931,63.6,48,4.4
"49","Kendall Sheffield",34105,2020,4,3.47807508707047,3.80688818104484,0.328813093974374,4.4954132231405,2019,2.63671171171171,1.58306306306306,193,"CB",NA,63.3,49,4.4
"50","Isaiah Oliver",50393,2018,11,2.72606472535567,3.05389669267619,0.327831967320525,4.5,2018,2.65,1.6,201,"CB",0.0223880597014925,63.3,50,4.41
"51","Tre Flowers",49059,2018,20,2.72205989956856,3.04367579972261,0.32161590015405,4.45,2018,2.58,1.53,202,"CB",0.022029702970297,63,51,4.41
"52","Michael Ojemudia",50327,2020,17,3.39439404712004,3.71007210298752,0.315678055867481,4.45,2020,2.63671171171171,1.58306306306306,200,"CB",0.02225,62.7,52,4.41
"53","J.C. Jackson",42781,2019,4,3.04098939895629,3.35654234652556,0.315552947569267,4.46,2018,2.59,1.54,201,"CB",0.0221890547263682,62.6,53,4.41
"54","Bobby McCain",9578,2020,8,3.17431733012199,3.48660200346578,0.31228467334379,4.51,2015,2.63,1.59,195,"CB",0.0231282051282051,62.5,54,4.42
"55","Jimmie Ward",8665,2019,4,3.35174566507339,3.6533350611857,0.301589396112303,4.51,2014,2.62,1.62,193,"CB",0.0233678756476684,61.9,55,4.42
"56","Isaiah Johnson",10935,2018,5,2.00055913925171,2.29415391369013,0.293594774438419,4.83,2016,2.82,1.72,212,"S",0.0227830188679245,61.5,56,4.42
"57","Isaiah Johnson",13669,2018,5,2.00055913925171,2.29415391369013,0.293594774438419,4.4954132231405,NA,2.63671171171171,1.58306306306306,NA,NA,NA,61.5,57,4.42
"58","Isaiah Johnson",22098,2018,5,2.00055913925171,2.29415391369013,0.293594774438419,4.4954132231405,NA,2.63671171171171,1.58306306306306,NA,NA,NA,61.5,58,4.42
"59","Isaiah Johnson",25401,2018,5,2.00055913925171,2.29415391369013,0.293594774438419,4.4954132231405,NA,2.63671171171171,1.58306306306306,NA,NA,NA,61.5,59,4.42
"60","Isaiah Johnson",32829,2018,5,2.00055913925171,2.29415391369013,0.293594774438419,4.4954132231405,NA,2.63671171171171,1.58306306306306,NA,NA,NA,61.5,60,4.42
"61","Isaiah Johnson",35627,2018,5,2.00055913925171,2.29415391369013,0.293594774438419,4.4954132231405,NA,2.63671171171171,1.58306306306306,NA,NA,NA,61.5,61,4.42
"62","Isaiah Johnson",48233,2018,5,2.00055913925171,2.29415391369013,0.293594774438419,4.4,2019,2.63671171171171,1.58306306306306,208,"CB",0.0211538461538462,61.5,62,4.42
"63","Isaiah Johnson",63081,2018,5,2.00055913925171,2.29415391369013,0.293594774438419,4.4954132231405,NA,2.63671171171171,1.58306306306306,NA,NA,NA,61.5,63,4.43
"64","Isaiah Johnson",63253,2018,5,2.00055913925171,2.29415391369013,0.293594774438419,4.4954132231405,NA,2.63671171171171,1.58306306306306,NA,NA,NA,61.5,64,4.43
"65","Isaiah Johnson",71783,2018,5,2.00055913925171,2.29415391369013,0.293594774438419,4.4954132231405,NA,2.63671171171171,1.58306306306306,NA,NA,NA,61.5,65,4.43
"66","Isaiah Johnson",82263,2018,5,2.00055913925171,2.29415391369013,0.293594774438419,4.4954132231405,NA,2.63671171171171,1.58306306306306,NA,NA,NA,61.5,66,4.43
"67","Isaiah Johnson",106073,2018,5,2.00055913925171,2.29415391369013,0.293594774438419,4.4954132231405,NA,2.63671171171171,1.58306306306306,NA,NA,NA,61.5,67,4.43
"68","Isaiah Johnson",121892,2018,5,2.00055913925171,2.29415391369013,0.293594774438419,4.4954132231405,NA,2.63671171171171,1.58306306306306,NA,NA,NA,61.5,68,4.43
"69","Isaiah Johnson",124729,2018,5,2.00055913925171,2.29415391369013,0.293594774438419,4.4954132231405,NA,2.63671171171171,1.58306306306306,NA,NA,NA,61.5,69,4.43
"70","Isaiah Johnson",138377,2018,5,2.00055913925171,2.29415391369013,0.293594774438419,4.4954132231405,NA,2.63671171171171,1.58306306306306,NA,NA,NA,61.5,70,4.43
"71","Isaiah Johnson",146276,2018,5,2.00055913925171,2.29415391369013,0.293594774438419,4.4954132231405,NA,2.63671171171171,1.58306306306306,NA,NA,NA,61.5,71,4.44
"72","Isaiah Johnson",151625,2018,5,2.00055913925171,2.29415391369013,0.293594774438419,4.4954132231405,NA,2.63671171171171,1.58306306306306,NA,NA,NA,61.5,72,4.44
"73","Isaiah Johnson",154845,2018,5,2.00055913925171,2.29415391369013,0.293594774438419,4.4954132231405,NA,2.63671171171171,1.58306306306306,NA,NA,NA,61.5,73,4.44
"74","DeAndre Baker",33356,2019,13,3.39974828866812,3.69194626203444,0.292197973366318,4.52,2019,2.71,1.65,193,"CB",0.023419689119171,61.5,74,4.44
"75","Josh Norman",1290,2018,4,3.05521488189697,3.33703009548538,0.281815213588407,4.4954132231405,NA,2.63671171171171,1.58306306306306,NA,NA,NA,60.9,75,4.44
"76","Josh Norman",7649,2018,4,3.05521488189697,3.33703009548538,0.281815213588407,4.61,2012,2.72,1.59,197,"CB",0.0234010152284264,60.9,76,4.44
"77","Blessuan Austin",50434,2020,16,3.02094396948814,3.30251534960609,0.281571380117948,4.69,2019,2.63671171171171,1.58306306306306,198,"CB",0.0236868686868687,60.9,77,4.44
"78","Amani Oruwariye",50533,2020,9,3.14956140518188,3.42384963844634,0.274288233264458,4.47,2019,2.63671171171171,1.58306306306306,205,"CB",0.0218048780487805,60.5,78,4.45
"79","Troy Hill",9881,2018,5,2.36013400554657,2.62844793007406,0.268313924527489,4.55,2015,2.66,1.6,182,"CB",0.025,60.2,79,4.45
"80","Troy Hill",93601,2018,5,2.36013400554657,2.62844793007406,0.268313924527489,4.4954132231405,NA,2.63671171171171,1.58306306306306,NA,NA,NA,60.2,80,4.45
"81","Trevor Williams",11004,2018,7,3.04176604747772,3.3089941990308,0.26722815155308,4.48,2016,2.68,1.62,191,"CB",0.023455497382199,60.2,81,4.45
"82","Trevor Williams",32477,2018,7,3.04176604747772,3.3089941990308,0.26722815155308,4.4954132231405,NA,2.63671171171171,1.58306306306306,NA,NA,NA,60.2,82,4.45
"83","Trevor Williams",37376,2018,7,3.04176604747772,3.3089941990308,0.26722815155308,4.4954132231405,NA,2.63671171171171,1.58306306306306,NA,NA,NA,60.2,83,4.45
"84","Trevor Williams",103810,2018,7,3.04176604747772,3.3089941990308,0.26722815155308,4.4954132231405,NA,2.63671171171171,1.58306306306306,NA,NA,NA,60.2,84,4.45
"85","Ahkello Witherspoon",11821,2018,11,3.46755014766346,3.73249090047725,0.264940752813786,4.45,2017,2.57,1.53,198,"CB",0.0224747474747475,60.1,85,4.45
"86","Erik Harris",10346,2020,13,3.46085291642409,3.72262947128681,0.261776554862715,4.61,2012,2.77,1.69,226,"S",0.0203982300884956,59.9,86,4.46
"87","Erik Harris",34199,2020,13,3.46085291642409,3.72262947128681,0.261776554862715,4.4954132231405,NA,2.63671171171171,1.58306306306306,NA,NA,NA,59.9,87,4.46
"88","P.J. Williams",9511,2020,4,2.63483074307442,2.89630820459353,0.261477461519114,4.57,2015,2.63,1.55,194,"CB",0.0235567010309278,59.9,88,4.46
"89","Eli Apple",10644,2019,8,2.99281325936317,3.25165514493294,0.258841885569761,4.4,2016,2.59,1.57,199,"CB",0.0221105527638191,59.8,89,4.46
"90","Isaiah Oliver",50393,2019,13,3.16589095042302,3.42390411240809,0.258013161985074,4.5,2018,2.65,1.6,201,"CB",0.0223880597014925,59.7,90,4.46
"91","Justin Evans",11805,2018,7,2.83904339585985,3.09606093523956,0.257017539379707,4.64,2017,2.74,1.62,199,"S",0.0233165829145729,59.7,91,4.46
"92","Justin Evans",15881,2018,7,2.83904339585985,3.09606093523956,0.257017539379707,4.4954132231405,NA,2.63671171171171,1.58306306306306,NA,NA,NA,59.7,92,4.46
"93","Justin Evans",46946,2018,7,2.83904339585985,3.09606093523956,0.257017539379707,4.4954132231405,NA,2.63671171171171,1.58306306306306,NA,NA,NA,59.7,93,4.47
"94","Justin Evans",66352,2018,7,2.83904339585985,3.09606093523956,0.257017539379707,4.4954132231405,NA,2.63671171171171,1.58306306306306,NA,NA,NA,59.7,94,4.47
"95","Jalen Ramsey",10639,2018,12,2.51872013012568,2.77329430326586,0.25457417314018,4.41,2016,2.57,1.51,209,"CB",0.0211004784688995,59.5,95,4.47
"96","Michael Jacquet III",47826,2020,4,3.95415276288986,4.19588155222856,0.2417287893387,4.4954132231405,NA,2.63671171171171,1.58306306306306,NA,NA,NA,58.9,96,4.47
"97","Nevin Lawson",8768,2020,9,3.3923655351003,3.63318397202351,0.240818436923206,4.48,2014,2.66,1.59,190,"CB",0.0235789473684211,58.8,97,4.47
"98","Jason McCourty",5127,2020,8,3.67667987942696,3.91404479471753,0.237364915290573,4.34,2009,2.58,1.51,193,"CB",0.0224870466321244,58.7,98,4.47
"99","Malcolm Butler",9040,2019,12,3.21038011709849,3.41984773249199,0.209467615393499,4.66,2014,2.82,1.67,187,"CB",0.0249197860962567,57.3,99,4.47
"100","Bobby McCain",9578,2018,6,2.86341877778371,3.07123792819321,0.207819150409501,4.51,2015,2.63,1.59,195,"CB",0.0231282051282051,57.2,100,4.47
"101","William Jackson III",10658,2019,9,3.53207153744168,3.7377540375703,0.205682500128622,4.37,2016,2.56,1.52,189,"CB",0.0231216931216931,57.1,101,4.47
"102","Kareem Jackson",5545,2018,4,3.290651679039,3.49286750667813,0.202215827639134,4.4,2010,2.61,1.55,196,"CB",0.0224489795918367,56.9,102,4.48
"103","Jamel Dean",34918,2020,9,2.4527858098348,2.65255981978544,0.199774009950645,4.3,2019,2.63671171171171,1.58306306306306,206,"CB",0.020873786407767,56.8,103,4.48
"104","Torry McTyer",49357,2018,4,2.55359843373299,2.75335691139674,0.199758477663751,4.45,2017,2.64,1.62,178,"CB",0.025,56.8,104,4.48
"105","Darious Williams",55724,2020,14,3.03836335454668,3.2331058880668,0.194742533520116,4.48,2018,2.64,1.58,184,"CB",0.0243478260869565,56.5,105,4.48
"106","Cameron Dantzler",42472,2020,4,3.91840517520904,4.10274576041297,0.184340585203928,4.64,2020,2.63671171171171,1.58306306306306,188,"CB",0.0246808510638298,56,106,4.48
"107","Bradley McDougald",8220,2018,4,2.83832317590714,3.01654668774251,0.178223511835372,4.55,2013,2.81,1.72,215,"S",0.0211627906976744,55.7,107,4.48
"108","Rock Ya-Sin",49564,2019,9,2.81726214620802,2.99202097786447,0.174758831656453,4.51,2019,2.63671171171171,1.58306306306306,192,"CB",0.0234895833333333,55.5,108,4.48
"109","Adrian Amos",9575,2018,9,2.91471807161967,3.08898788245649,0.174269810836823,4.56,2015,2.65,1.6,218,"S",0.0209174311926605,55.5,109,4.48
"110","Marcus Williams",2886,2019,6,3.2012228568395,3.37421546621577,0.172992609376268,4.4954132231405,NA,2.63671171171171,1.58306306306306,NA,NA,NA,55.4,110,4.48
"111","Marcus Williams",9115,2019,6,3.2012228568395,3.37421546621577,0.172992609376268,4.61,2014,2.72,1.64,196,"CB",0.0235204081632653,55.4,111,4.48
"112","Marcus Williams",11797,2019,6,3.2012228568395,3.37421546621577,0.172992609376268,4.56,2017,2.68,1.61,202,"S",0.0225742574257426,55.4,112,4.48
"113","Marcus Williams",26390,2019,6,3.2012228568395,3.37421546621577,0.172992609376268,4.4954132231405,NA,2.63671171171171,1.58306306306306,NA,NA,NA,55.4,113,4.48
"114","Marcus Williams",32375,2019,6,3.2012228568395,3.37421546621577,0.172992609376268,4.4954132231405,NA,2.63671171171171,1.58306306306306,NA,NA,NA,55.4,114,4.49
"115","Marcus Williams",60973,2019,6,3.2012228568395,3.37421546621577,0.172992609376268,4.4954132231405,NA,2.63671171171171,1.58306306306306,NA,NA,NA,55.4,115,4.49
"116","Marcus Williams",90346,2019,6,3.2012228568395,3.37421546621577,0.172992609376268,4.4954132231405,NA,2.63671171171171,1.58306306306306,NA,NA,NA,55.4,116,4.49
"117","Marcus Williams",99458,2019,6,3.2012228568395,3.37421546621577,0.172992609376268,4.4954132231405,NA,2.63671171171171,1.58306306306306,NA,NA,NA,55.4,117,4.49
"118","Marcus Williams",100958,2019,6,3.2012228568395,3.37421546621577,0.172992609376268,4.4954132231405,NA,2.63671171171171,1.58306306306306,NA,NA,NA,55.4,118,4.49
"119","Marcus Williams",111592,2019,6,3.2012228568395,3.37421546621577,0.172992609376268,4.4954132231405,NA,2.63671171171171,1.58306306306306,NA,NA,NA,55.4,119,4.49
"120","Marcus Williams",115512,2019,6,3.2012228568395,3.37421546621577,0.172992609376268,4.4954132231405,NA,2.63671171171171,1.58306306306306,NA,NA,NA,55.4,120,4.49
"121","Marcus Williams",142130,2019,6,3.2012228568395,3.37421546621577,0.172992609376268,4.4954132231405,NA,2.63671171171171,1.58306306306306,NA,NA,NA,55.4,121,4.49
"122","Marcus Williams",145407,2019,6,3.2012228568395,3.37421546621577,0.172992609376268,4.4954132231405,NA,2.63671171171171,1.58306306306306,NA,NA,NA,55.4,122,4.4954132231405
"123","A.J. Bouye",8110,2019,7,2.97506444794791,3.14216509988872,0.16710065194081,4.59,2013,2.7,1.57,186,"CB",0.0246774193548387,55.1,123,4.4954132231405
"124","Harrison Smith",3513,2020,13,2.83673783449026,2.99435273170349,0.157614897213228,4.4954132231405,NA,2.63671171171171,1.58306306306306,NA,NA,NA,54.6,124,4.4954132231405
"125","Harrison Smith",7641,2020,13,2.83673783449026,2.99435273170349,0.157614897213228,4.54,2012,2.66,1.56,213,"S",0.0213145539906103,54.6,125,4.4954132231405
"126","Harrison Smith",82058,2020,13,2.83673783449026,2.99435273170349,0.157614897213228,4.4954132231405,NA,2.63671171171171,1.58306306306306,NA,NA,NA,54.6,126,4.4954132231405
"127","Harrison Smith",103996,2020,13,2.83673783449026,2.99435273170349,0.157614897213228,4.4954132231405,NA,2.63671171171171,1.58306306306306,NA,NA,NA,54.6,127,4.4954132231405
"128","Harrison Smith",150641,2020,13,2.83673783449026,2.99435273170349,0.157614897213228,4.4954132231405,NA,2.63671171171171,1.58306306306306,NA,NA,NA,54.6,128,4.4954132231405
"129","Darian Thompson",10705,2020,4,3.83324885368347,3.99055875950062,0.157309905817146,4.69,2016,2.74,1.66,208,"S",0.0225480769230769,54.6,129,4.4954132231405
"130","Carlton Davis",49335,2019,6,3.00982638200124,3.16671304638036,0.156886664379122,4.53,2018,2.64,1.59,206,"CB",0.0219902912621359,54.6,130,4.4954132231405
"131","Jaylon Johnson",56259,2020,15,3.06552934646606,3.21688419980971,0.151354853343646,4.5,2020,2.63671171171171,1.58306306306306,193,"CB",0.0233160621761658,54.3,131,4.4954132231405
"132","Jaylon Johnson",61299,2020,15,3.06552934646606,3.21688419980971,0.151354853343646,4.4954132231405,NA,2.63671171171171,1.58306306306306,NA,NA,NA,54.3,132,4.4954132231405
"133","Jaylon Johnson",105912,2020,15,3.06552934646606,3.21688419980971,0.151354853343646,4.4954132231405,NA,2.63671171171171,1.58306306306306,NA,NA,NA,54.3,133,4.4954132231405
"134","Jaylon Johnson",129354,2020,15,3.06552934646606,3.21688419980971,0.151354853343646,4.4954132231405,NA,2.63671171171171,1.58306306306306,NA,NA,NA,54.3,134,4.4954132231405
"135","Casey Hayward Jr.",7064,2019,18,3.1959514286783,3.34026905827091,0.144317629592612,4.4954132231405,2012,2.65,1.62,192,"CB",NA,53.9,135,4.4954132231405
"136","Mike Ford",50535,2018,10,2.99074290990829,3.13113122469364,0.140388314785346,4.44,2018,2.64,1.59,196,"CB",0.0226530612244898,53.7,136,4.4954132231405
"137","Emmanuel Moseley",50430,2019,11,3.5095245404677,3.64128109114375,0.131756550676053,4.46,2018,2.67,1.57,190,"CB",0.0234736842105263,53.3,137,4.4954132231405
"138","Darius Slay",7817,2020,6,3.59435784816742,3.71950972962111,0.125151881453691,4.36,2013,2.56,1.54,192,"CB",0.0227083333333333,53,138,4.4954132231405
"139","Kevin King",11788,2019,6,3.25386408964793,3.37576795948123,0.1219038698333,4.43,2017,2.57,1.51,200,"CB",0.02215,52.8,139,4.4954132231405
"140","Kevin King",12506,2019,6,3.25386408964793,3.37576795948123,0.1219038698333,4.4954132231405,NA,2.63671171171171,1.58306306306306,NA,NA,NA,52.8,140,4.4954132231405
"141","Kevin King",15259,2019,6,3.25386408964793,3.37576795948123,0.1219038698333,4.4954132231405,NA,2.63671171171171,1.58306306306306,NA,NA,NA,52.8,141,4.4954132231405
"142","Kevin King",19038,2019,6,3.25386408964793,3.37576795948123,0.1219038698333,4.4954132231405,NA,2.63671171171171,1.58306306306306,NA,NA,NA,52.8,142,4.4954132231405
"143","Donte Jackson",49377,2020,10,2.69349702596664,2.81288832177856,0.119391295811919,4.32,2018,2.54,1.55,178,"CB",0.0242696629213483,52.7,143,4.4954132231405
"144","Byron Jones",2667,2019,26,3.04084935096594,3.1567444430146,0.115895092048658,4.4954132231405,NA,2.63671171171171,1.58306306306306,NA,NA,NA,52.5,144,4.4954132231405
"145","Byron Jones",9460,2019,26,3.04084935096594,3.1567444430146,0.115895092048658,4.49,2015,2.6,1.57,199,"CB",0.0225628140703518,52.5,145,4.4954132231405
"146","James Bradberry",10696,2018,15,2.99615766207377,3.11023301482416,0.114075352750389,4.5,2016,2.6,1.53,211,"CB",0.0213270142180095,52.4,146,4.4954132231405
"147","Vernon Hargreaves III",10645,2020,5,3.15387244224548,3.26640508264051,0.112532640395028,4.5,2016,2.62,1.58,204,"CB",0.0220588235294118,52.3,147,4.4954132231405
"148","Quinton Dunbar",10073,2018,11,2.478916850957,2.59129392271884,0.112377071761838,4.48,2015,2.56,1.54,201,"WR",0.0222885572139303,52.3,148,4.4954132231405
"149","Greg Mabin",12068,2020,5,3.25308027267456,3.3645456001331,0.111465327458538,4.4954132231405,NA,2.63671171171171,1.58306306306306,NA,NA,NA,52.3,149,4.4954132231405
"150","Janoris Jenkins",7043,2018,18,2.75342267751694,2.85372563888909,0.100302961372152,4.4954132231405,2012,2.58,1.55,193,"CB",NA,51.7,150,4.4954132231405
"151","Byron Jones",2667,2020,9,3.26373669836256,3.36185660006042,0.0981199016978573,4.4954132231405,NA,2.63671171171171,1.58306306306306,NA,NA,NA,51.6,151,4.4954132231405
"152","Byron Jones",9460,2020,9,3.26373669836256,3.36185660006042,0.0981199016978573,4.49,2015,2.6,1.57,199,"CB",0.0225628140703518,51.6,152,4.4954132231405
"153","LeShaun Sims",10791,2019,6,3.33667854468028,3.43094145072253,0.0942629060422526,4.53,2016,2.68,1.64,203,"CB",0.0223152709359606,51.4,153,4.4954132231405
"154","Emmanuel Moseley",50430,2020,9,3.3483067618476,3.44219865625094,0.0938918944033336,4.46,2018,2.67,1.57,190,"CB",0.0234736842105263,51.4,154,4.4954132231405
"155","Patrick Peterson",6157,2018,12,3.36448339621226,3.44188036437838,0.0773969681661232,4.31,2011,2.58,1.57,219,"CB",0.0196803652968037,50.5,155,4.4954132231405
"156","Patrick Peterson",139442,2018,12,3.36448339621226,3.44188036437838,0.0773969681661232,4.4954132231405,NA,2.63671171171171,1.58306306306306,NA,NA,NA,50.5,156,4.4954132231405
"157","Levi Wallace",25445,2019,17,3.34939147444332,3.42661371634261,0.0772222418992907,4.63,2018,2.57,1.67,179,"CB",0.0258659217877095,50.5,157,4.4954132231405
"158","B.W. Webb",7896,2019,10,3.39798218607903,3.47501790420646,0.0770357181274361,4.51,2013,2.63,1.59,184,"CB",0.0245108695652174,50.5,158,4.4954132231405
"159","Lamarcus Joyner",8676,2018,5,2.61150364875794,2.68336522792947,0.0718615791715352,4.55,2014,2.68,1.59,184,"CB",0.0247282608695652,50.3,159,4.4954132231405
"160","Marcus Peters",9451,2019,9,3.13761936293708,3.20902164939506,0.0714022864579812,4.53,2015,2.66,1.6,197,"CB",0.022994923857868,50.2,160,4.4954132231405
"161","Blessuan Austin",50434,2019,4,3.53451061248779,3.60201572687242,0.0675051143846245,4.69,2019,2.63671171171171,1.58306306306306,198,"CB",0.0236868686868687,50,161,4.4954132231405
"162","Sam Shields",5943,2018,8,3.07372513413429,3.13839531642342,0.0646701822891283,4.34,2010,2.57,1.62,184,"CB",0.0235869565217391,49.9,162,4.4954132231405
"163","Sam Shields",122615,2018,8,3.07372513413429,3.13839531642342,0.0646701822891283,4.4954132231405,NA,2.63671171171171,1.58306306306306,NA,NA,NA,49.9,163,4.4954132231405
"164","Jalen Mills",10867,2020,5,3.12741794586182,3.18448186666793,0.0570639208061135,4.61,2016,2.67,1.58,191,"CB",0.0241361256544503,49.5,164,4.4954132231405
"165","Marcus Peters",9451,2018,10,2.73580794334412,2.78861416000807,0.0528062166639576,4.53,2015,2.66,1.6,197,"CB",0.022994923857868,49.3,165,4.4954132231405
"166","Corey Graham",3784,2018,5,2.48621289730072,2.5342479424957,0.0480350451949818,4.42,2007,2.63671171171171,1.58306306306306,195,"CB",0.0226666666666667,49.1,166,4.4954132231405
"167","Ronald Darby",9483,2019,4,2.98083311319351,3.02658104583571,0.0457479326421933,4.38,2015,2.56,1.53,193,"CB",0.0226943005181347,48.9,167,4.4954132231405
"168","Johnathan Joseph",2969,2018,5,2.98388442993164,3.02928133119512,0.0453969012634774,4.31,2006,2.53,1.52,193,"CB",0.0223316062176166,48.9,168,4.4954132231405
"169","Justin Layne",40160,2020,4,3.5152575969696,3.56005172594581,0.0447941289762048,4.5,2019,2.63671171171171,1.58306306306306,192,"CB",0.0234375,48.9,169,4.4954132231405
"170","Quandre Diggs",9633,2019,4,2.41966962814331,2.46244374717323,0.0427741190299145,4.56,2015,2.7,1.65,196,"CB",0.023265306122449,48.8,170,4.4954132231405
"171","Jimmy Smith",27,2018,15,2.67447227636973,2.71129164696341,0.0368193705936768,4.4954132231405,NA,2.63671171171171,1.58306306306306,NA,NA,NA,48.5,171,4.4954132231405
"172","Jimmy Smith",6179,2018,15,2.67447227636973,2.71129164696341,0.0368193705936768,4.42,2011,2.63,1.59,211,"CB",0.0209478672985782,48.5,172,4.4954132231405
"173","Prince Amukamara",6171,2019,28,3.20608718054635,3.24131500571819,0.0352278251718418,4.38,2011,2.64,1.65,206,"CB",0.0212621359223301,48.4,173,4.4954132231405
"174","Isaiah Oliver",50393,2020,6,3.49145744244258,3.52650498459623,0.0350475421536574,4.5,2018,2.65,1.6,201,"CB",0.0223880597014925,48.4,174,4.4954132231405
"175","Pierre Desir",8762,2018,14,2.90993303060532,2.94284015361668,0.0329071230113662,4.59,2014,2.67,1.59,198,"CB",0.0231818181818182,48.3,175,4.4954132231405
"176","Jalen Ramsey",10639,2020,6,3.40957959493001,3.44177055447479,0.0321909595447732,4.41,2016,2.57,1.51,209,"CB",0.0211004784688995,48.3,176,4.4954132231405
"177","Ryan Smith",3822,2018,10,2.72944213151932,2.76093944836352,0.0314973168441987,4.4954132231405,NA,2.63671171171171,1.58306306306306,NA,NA,NA,48.2,177,4.4954132231405
"178","Ryan Smith",9383,2018,10,2.72944213151932,2.76093944836352,0.0314973168441987,4.4954132231405,NA,2.63671171171171,1.58306306306306,NA,NA,NA,48.2,178,4.4954132231405
"179","Ryan Smith",10742,2018,10,2.72944213151932,2.76093944836352,0.0314973168441987,4.47,2016,2.64,1.59,189,"CB",0.0236507936507936,48.2,179,4.4954132231405
"180","Ryan Smith",25245,2018,10,2.72944213151932,2.76093944836352,0.0314973168441987,4.4954132231405,NA,2.63671171171171,1.58306306306306,NA,NA,NA,48.2,180,4.4954132231405
"181","Ryan Smith",47299,2018,10,2.72944213151932,2.76093944836352,0.0314973168441987,4.4954132231405,NA,2.63671171171171,1.58306306306306,NA,NA,NA,48.2,181,4.4954132231405
"182","Ryan Smith",47768,2018,10,2.72944213151932,2.76093944836352,0.0314973168441987,4.4954132231405,NA,2.63671171171171,1.58306306306306,NA,NA,NA,48.2,182,4.4954132231405
"183","Ryan Smith",59745,2018,10,2.72944213151932,2.76093944836352,0.0314973168441987,4.4954132231405,NA,2.63671171171171,1.58306306306306,NA,NA,NA,48.2,183,4.4954132231405
"184","Ryan Smith",75557,2018,10,2.72944213151932,2.76093944836352,0.0314973168441987,4.4954132231405,NA,2.63671171171171,1.58306306306306,NA,NA,NA,48.2,184,4.4954132231405
"185","Ryan Smith",86459,2018,10,2.72944213151932,2.76093944836352,0.0314973168441987,4.4954132231405,NA,2.63671171171171,1.58306306306306,NA,NA,NA,48.2,185,4.4954132231405
"186","Ryan Smith",90226,2018,10,2.72944213151932,2.76093944836352,0.0314973168441987,4.4954132231405,NA,2.63671171171171,1.58306306306306,NA,NA,NA,48.2,186,4.4954132231405
"187","Ryan Smith",92738,2018,10,2.72944213151932,2.76093944836352,0.0314973168441987,4.4954132231405,NA,2.63671171171171,1.58306306306306,NA,NA,NA,48.2,187,4.4954132231405
"188","Ryan Smith",95416,2018,10,2.72944213151932,2.76093944836352,0.0314973168441987,4.4954132231405,NA,2.63671171171171,1.58306306306306,NA,NA,NA,48.2,188,4.4954132231405
"189","Ryan Smith",101546,2018,10,2.72944213151932,2.76093944836352,0.0314973168441987,4.4954132231405,NA,2.63671171171171,1.58306306306306,NA,NA,NA,48.2,189,4.4954132231405
"190","Ryan Smith",106207,2018,10,2.72944213151932,2.76093944836352,0.0314973168441987,4.4954132231405,NA,2.63671171171171,1.58306306306306,NA,NA,NA,48.2,190,4.4954132231405
"191","Ryan Smith",116201,2018,10,2.72944213151932,2.76093944836352,0.0314973168441987,4.4954132231405,NA,2.63671171171171,1.58306306306306,NA,NA,NA,48.2,191,4.4954132231405
"192","Ryan Smith",122387,2018,10,2.72944213151932,2.76093944836352,0.0314973168441987,4.4954132231405,NA,2.63671171171171,1.58306306306306,NA,NA,NA,48.2,192,4.4954132231405
"193","Donte Jackson",49377,2018,17,2.85644763357499,2.88790923061704,0.0314615970420495,4.32,2018,2.54,1.55,178,"CB",0.0242696629213483,48.2,193,4.4954132231405
"194","Ahkello Witherspoon",11821,2019,7,3.66951612063817,3.70010425412295,0.0305881334847839,4.45,2017,2.57,1.53,198,"CB",0.0224747474747475,48.2,194,4.4954132231405
"195","David Amerson",7832,2018,5,3.28451232910156,3.31332079678133,0.0288084676797674,4.44,2013,2.58,1.57,205,"CB",0.0216585365853659,48.1,195,4.4954132231405
"196","Dontae Johnson",8764,2020,4,3.44391161203384,3.4695079646231,0.0255963525892535,4.45,2014,2.62,1.57,200,"CB",0.02225,47.9,196,4.4954132231405
"197","Xavien Howard",10672,2018,5,2.80575983524322,2.83027544874066,0.024515613497431,4.58,2016,2.67,1.61,201,"CB",0.0227860696517413,47.9,197,4.4954132231405
"198","Jason McCourty",5127,2018,7,3.60731894629342,3.62945676610547,0.0221378198120495,4.34,2009,2.58,1.51,193,"CB",0.0224870466321244,47.7,198,4.4954132231405
"199","Rashaan Melvin",8334,2019,5,3.16010644435883,3.17693756860736,0.0168311242485386,4.46,2013,2.67,1.61,192,"CB",0.0232291666666667,47.5,199,4.4954132231405
"200","Kendall Fuller",10718,2020,19,3.18607777043393,3.2021930207568,0.0161152503228735,4.4954132231405,2016,2.63671171171171,1.58306306306306,187,"CB",NA,47.4,200,4.4954132231405
"201","Rasul Douglas",11854,2018,6,2.77427484591802,2.78824462774529,0.013969781827267,4.59,2017,2.64,1.57,209,"CB",0.0219617224880383,47.3,201,4.4954132231405
"202","Robert Alford",7841,2018,21,3.12733399300348,3.140911647427,0.013577654423513,4.4954132231405,2013,2.54,1.54,188,"CB",NA,47.3,202,4.4954132231405
"203","Kevin Peterson",11302,2019,4,3.63160902261734,3.63436887472481,0.00275985210747275,4.66,2016,2.67,1.59,181,"CB",0.0257458563535912,46.8,203,4.4954132231405
"204","Quinton Dunbar",10073,2019,12,2.75984781980515,2.76136660313968,0.00151878333453569,4.48,2015,2.56,1.54,201,"WR",0.0222885572139303,46.7,204,4.4954132231405
"205","Terrance Mitchell",8888,2020,22,3.08017265796661,3.08134366064723,0.00117100268061307,4.63,2014,2.68,1.59,192,"CB",0.0241145833333333,46.7,205,4.4954132231405
"206","J.C. Jackson",42781,2020,17,3.33826323116527,3.33700057391789,-0.00126265724738383,4.46,2018,2.59,1.54,201,"CB",0.0221890547263682,46.6,206,4.4954132231405
"207","Amani Oruwariye",50533,2019,4,3.03917628526688,3.03441537315945,-0.004760912107424,4.47,2019,2.63671171171171,1.58306306306306,205,"CB",0.0218048780487805,46.4,207,4.4954132231405
"208","Justin Reid",49048,2018,14,2.84005213635308,2.83101721900095,-0.0090349173521343,4.4,2018,2.55,1.52,207,"S",0.021256038647343,46.2,208,4.4954132231405
"209","Devin McCourty",5552,2019,6,2.99392704168956,2.98437926035268,-0.00954778133687173,4.38,2010,2.65,1.6,193,"S",0.0226943005181347,46.1,209,4.4954132231405
"210","Josh Jackson",40482,2018,4,2.88493740558624,2.87405549206486,-0.0108819135213803,4.4954132231405,NA,2.63671171171171,1.58306306306306,NA,NA,NA,46.1,210,4.4954132231405
"211","Josh Jackson",50417,2018,4,2.88493740558624,2.87405549206486,-0.0108819135213803,4.56,2018,2.61,1.57,196,"CB",0.023265306122449,46.1,211,4.4954132231405
"212","Josh Jackson",55853,2018,4,2.88493740558624,2.87405549206486,-0.0108819135213803,4.4954132231405,NA,2.63671171171171,1.58306306306306,NA,NA,NA,46.1,212,4.4954132231405
"213","Josh Jackson",79385,2018,4,2.88493740558624,2.87405549206486,-0.0108819135213803,4.4954132231405,NA,2.63671171171171,1.58306306306306,NA,NA,NA,46.1,213,4.4954132231405
"214","Josh Jackson",124467,2018,4,2.88493740558624,2.87405549206486,-0.0108819135213803,4.4954132231405,NA,2.63671171171171,1.58306306306306,NA,NA,NA,46.1,214,4.4954132231405
"215","Josh Jackson",136305,2018,4,2.88493740558624,2.87405549206486,-0.0108819135213803,4.4954132231405,NA,2.63671171171171,1.58306306306306,NA,NA,NA,46.1,215,4.4954132231405
"216","Bradley McDougald",8220,2019,5,3.36319961547851,3.35217593840758,-0.0110236770709315,4.55,2013,2.81,1.72,215,"S",0.0211627906976744,46.1,216,4.4954132231405
"217","Prince Amukamara",6171,2018,26,2.68719261884689,2.67519761429559,-0.0119950045513045,4.38,2011,2.64,1.65,206,"CB",0.0212621359223301,46,217,4.4954132231405
"218","Bashaud Breeland",8737,2020,7,3.13016085965293,3.11790737732149,-0.0122534823314337,4.62,2014,2.7,1.64,197,"CB",0.0234517766497462,46,218,4.4954132231405
"219","Eric Weddle",3653,2018,5,3.33069062232971,3.31110408151865,-0.0195865408110641,4.48,2007,2.64,1.58,203,"S",0.0220689655172414,45.6,219,4.4954132231405
"220","Darryl Roberts",9680,2020,6,3.30478497346242,3.28054069704197,-0.0242442764204526,4.42,2015,2.58,1.55,187,"CB",0.0236363636363636,45.4,220,4.4954132231405
"221","Donte Jackson",49377,2019,8,3.64417618513107,3.61829833073617,-0.0258778543949066,4.32,2018,2.54,1.55,178,"CB",0.0242696629213483,45.3,221,4.4954132231405
"222","Malcolm Butler",9040,2020,24,3.10910644133886,3.08210986031652,-0.0269965810223355,4.66,2014,2.82,1.67,187,"CB",0.0249197860962567,45.2,222,4.4954132231405
"223","Malcolm Butler",9040,2018,11,2.8394048539075,2.8072736143735,-0.0321312395339967,4.66,2014,2.82,1.67,187,"CB",0.0249197860962567,45,223,4.4954132231405
"224","Isaac Yiadom",49355,2020,16,3.45516166090965,3.41973824224648,-0.0354234186631756,4.52,2018,2.65,1.57,190,"CB",0.0237894736842105,44.8,224,4.4954132231405
"225","Rasul Douglas",11854,2019,18,3.05960473749373,3.01918592855844,-0.040418808935287,4.59,2017,2.64,1.57,209,"CB",0.0219617224880383,44.6,225,4.4954132231405
"226","Rayshawn Jenkins",11868,2019,5,3.7537127494812,3.71257451799668,-0.0411382314845238,4.51,2017,2.61,1.59,214,"S",0.0210747663551402,44.5,226,4.4954132231405
"227","Bradley Roby",8666,2018,15,2.95345180034637,2.90613759030336,-0.0473142100430141,4.39,2014,2.56,1.52,194,"CB",0.0226288659793814,44.2,227,4.4954132231405
"228","Byron Murphy",44027,2019,9,3.40507843759325,3.35738053349639,-0.0476979040968556,4.55,2019,2.63671171171171,1.58306306306306,190,"CB",0.0239473684210526,44.2,228,4.4954132231405
"229","T.J. McDonald",7852,2018,4,2.71938109397888,2.6704931718751,-0.0488879221037791,4.59,2013,2.68,1.6,219,"S",0.020958904109589,44.1,229,4.4954132231405
"230","Sean Murphy-Bunting",25891,2019,8,3.40615135431289,3.35130156363359,-0.0548497906793081,4.42,2019,2.63671171171171,1.58306306306306,195,"CB",0.0226666666666667,43.8,230,4.4954132231405
"231","Andrew Sendejo",6118,2019,8,2.67574162781239,2.61841343721453,-0.057328190597854,4.69,2010,2.7,1.62,208,"S",0.0225480769230769,43.7,231,4.4954132231405
"232","Kenny Vaccaro",7796,2019,7,3.46026311601911,3.40045159326834,-0.0598115227507746,4.63,2013,2.68,1.6,214,"S",0.0216355140186916,43.6,232,4.4954132231405
"233","Tre Boston",8763,2020,8,2.84536772966385,2.78091933395303,-0.0644483957108171,4.56,2014,2.69,1.6,204,"S",0.0223529411764706,43.3,233,4.4954132231405
"234","Fabian Moreau",11836,2018,8,2.83198243379593,2.76687731166072,-0.0651051221352078,4.35,2017,2.51,1.51,206,"CB",0.0211165048543689,43.3,234,4.4954132231405
"235","James Bradberry",10696,2019,8,3.66454011201859,3.59927963117477,-0.0652604808438114,4.5,2016,2.6,1.53,211,"CB",0.0213270142180095,43.3,235,4.4954132231405
"236","Erik Harris",10346,2019,9,3.03201169437832,2.96327692644758,-0.0687347679307465,4.61,2012,2.77,1.69,226,"S",0.0203982300884956,43.1,236,4.4954132231405
"237","Erik Harris",34199,2019,9,3.03201169437832,2.96327692644758,-0.0687347679307465,4.4954132231405,NA,2.63671171171171,1.58306306306306,NA,NA,NA,43.1,237,4.4954132231405
"238","Bradley Roby",8666,2019,11,3.40238844264638,3.32642220605753,-0.0759662365888423,4.39,2014,2.56,1.52,194,"CB",0.0226288659793814,42.8,238,4.4954132231405
"239","T.J. Carrie",8853,2018,7,3.10377969060625,3.02595534948929,-0.0778243411169678,4.47,2014,2.66,1.61,206,"CB",0.0216990291262136,42.7,239,4.4954132231405
"240","Michael Davis",12040,2019,9,3.53881814744737,3.4599898593876,-0.0788282880597753,4.44,2017,2.67,1.65,190,"CB",0.0233684210526316,42.6,240,4.4954132231405
"241","Michael Davis",26874,2019,9,3.53881814744737,3.4599898593876,-0.0788282880597753,4.4954132231405,NA,2.63671171171171,1.58306306306306,NA,NA,NA,42.6,241,4.4954132231405
"242","Michael Davis",42417,2019,9,3.53881814744737,3.4599898593876,-0.0788282880597753,4.4954132231405,NA,2.63671171171171,1.58306306306306,NA,NA,NA,42.6,242,4.4954132231405
"243","Michael Davis",108760,2019,9,3.53881814744737,3.4599898593876,-0.0788282880597753,4.4954132231405,NA,2.63671171171171,1.58306306306306,NA,NA,NA,42.6,243,4.4954132231405
"244","Michael Davis",136807,2019,9,3.53881814744737,3.4599898593876,-0.0788282880597753,4.4954132231405,NA,2.63671171171171,1.58306306306306,NA,NA,NA,42.6,244,4.4954132231405
"245","Harrison Smith",3513,2019,8,3.28146062791348,3.19912889774643,-0.0823317301670473,4.4954132231405,NA,2.63671171171171,1.58306306306306,NA,NA,NA,42.4,245,4.4954132231405
"246","Harrison Smith",7641,2019,8,3.28146062791348,3.19912889774643,-0.0823317301670473,4.54,2012,2.66,1.56,213,"S",0.0213145539906103,42.4,246,4.4954132231405
"247","Harrison Smith",82058,2019,8,3.28146062791348,3.19912889774643,-0.0823317301670473,4.4954132231405,NA,2.63671171171171,1.58306306306306,NA,NA,NA,42.4,247,4.4954132231405
"248","Harrison Smith",103996,2019,8,3.28146062791348,3.19912889774643,-0.0823317301670473,4.4954132231405,NA,2.63671171171171,1.58306306306306,NA,NA,NA,42.4,248,4.4954132231405
"249","Harrison Smith",150641,2019,8,3.28146062791348,3.19912889774643,-0.0823317301670473,4.4954132231405,NA,2.63671171171171,1.58306306306306,NA,NA,NA,42.4,249,4.4954132231405
"250","Darius Slay",7817,2019,15,3.09143797556559,3.00804763238468,-0.0833903431809079,4.36,2013,2.56,1.54,192,"CB",0.0227083333333333,42.4,250,4.4954132231405
"251","Quandre Diggs",9633,2018,7,2.98634835651943,2.90242270408598,-0.0839256524334496,4.56,2015,2.7,1.65,196,"CB",0.023265306122449,42.4,251,4.4954132231405
"252","P.J. Williams",9511,2019,5,2.61953315734863,2.52862374259989,-0.0909094147487448,4.57,2015,2.63,1.55,194,"CB",0.0235567010309278,42,252,4.4954132231405
"253","Darius Slay",7817,2018,7,3.06556470053537,2.97365982773126,-0.0919048728041098,4.36,2013,2.56,1.54,192,"CB",0.0227083333333333,41.9,253,4.4954132231405
"254","Steven Nelson",9531,2019,20,3.07859274148941,2.98379606671665,-0.0947966747727557,4.49,2015,2.63,1.57,197,"CB",0.0227918781725888,41.8,254,4.4954132231405
"255","Micah Hyde",7941,2018,5,2.98486614227295,2.88970797720798,-0.0951581650649738,4.56,2013,2.7,1.65,197,"S",0.0231472081218274,41.8,255,4.4954132231405
"256","Sean Murphy-Bunting",25891,2020,8,3.27819436788559,3.18134821211987,-0.0968461557657248,4.42,2019,2.63671171171171,1.58306306306306,195,"CB",0.0226666666666667,41.7,256,4.4954132231405
"257","James Bradberry",10696,2020,11,2.77479658343575,2.67622091815694,-0.0985756652788076,4.5,2016,2.6,1.53,211,"CB",0.0213270142180095,41.6,257,4.4954132231405
"258","Troy Hill",9881,2019,15,3.28676255544027,3.18467771246083,-0.102084842979436,4.55,2015,2.66,1.6,182,"CB",0.025,41.4,258,4.4954132231405
"259","Troy Hill",93601,2019,15,3.28676255544027,3.18467771246083,-0.102084842979436,4.4954132231405,NA,2.63671171171171,1.58306306306306,NA,NA,NA,41.4,259,4.4954132231405
"260","Charvarius Ward",43034,2019,16,3.09087193012238,2.98498616397025,-0.105885766152125,4.48,2018,2.7,1.74,198,"CB",0.0226262626262626,41.2,260,4.4954132231405
"261","Tre Flowers",49059,2020,27,3.04420798796195,2.93464315522226,-0.109564832739687,4.45,2018,2.58,1.53,202,"CB",0.022029702970297,41.1,261,4.4954132231405
"262","Montae Nicholson",11878,2019,4,3.03226435184479,2.92134013395834,-0.110924217886445,4.42,2017,2.6,1.55,212,"S",0.0208490566037736,41,262,4.4954132231405
"263","Steven Nelson",9531,2020,25,3.34963071346283,3.2364703540166,-0.113160359446225,4.49,2015,2.63,1.57,197,"CB",0.0227918781725888,40.9,263,4.4954132231405
"264","William Jackson III",10658,2018,16,3.06978169828654,2.95534341890658,-0.114438279379957,4.37,2016,2.56,1.52,189,"CB",0.0231216931216931,40.8,264,4.4954132231405
"265","Jamel Dean",34918,2019,4,2.8995178937912,2.78351767018507,-0.116000223606134,4.3,2019,2.63671171171171,1.58306306306306,206,"CB",0.020873786407767,40.7,265,4.4954132231405
"266","Greedy Williams",43254,2019,20,3.09617174267769,2.97819143435953,-0.117980308318157,4.37,2019,2.63671171171171,1.58306306306306,185,"CB",0.0236216216216216,40.6,266,4.4954132231405
"267","Trevon Diggs",41817,2020,5,3.47909827232361,3.35924130029391,-0.1198569720297,4.4954132231405,2020,2.63671171171171,1.58306306306306,205,"CB",NA,40.5,267,4.4954132231405
"268","Brandon Facyson",50564,2019,6,3.40688081582387,3.28561213424639,-0.121268681577486,4.53,2018,2.64,1.57,203,"CB",0.0223152709359606,40.5,268,4.4954132231405
"269","Ha Ha Clinton-Dix",8656,2019,6,2.57559992869695,2.44839342967613,-0.127206499020815,4.58,2014,2.68,1.6,208,"S",0.0220192307692308,40.2,269,4.4954132231405
"270","A.J. Bouye",8110,2018,27,3.03478278054131,2.9066959312665,-0.128086849274819,4.59,2013,2.7,1.57,186,"CB",0.0246774193548387,40.1,270,4.4954132231405
"271","Janoris Jenkins",7043,2020,4,2.47665971517563,2.34832154392709,-0.128338171248544,4.4954132231405,2012,2.58,1.55,193,"CB",NA,40.1,271,4.4954132231405
"272","Jason Verrett",8660,2020,11,2.95664100213484,2.82786627541017,-0.128774726724678,4.38,2014,2.54,1.47,189,"CB",0.0231746031746032,40.1,272,4.4954132231405
"273","Steven Nelson",9531,2018,14,2.54855899299894,2.41717309927586,-0.131385893723086,4.49,2015,2.63,1.57,197,"CB",0.0227918781725888,39.9,273,4.4954132231405
"274","Casey Hayward Jr.",7064,2018,11,3.1117670210925,2.97911102766661,-0.132655993425889,4.4954132231405,2012,2.65,1.62,192,"CB",NA,39.9,274,4.4954132231405
"275","Tramon Williams",3558,2018,8,3.05671495199204,2.91857196360731,-0.13814298838472,4.61,2006,2.63671171171171,1.58306306306306,NA,"CB",NA,39.6,275,4.4954132231405
"276","Isaac Yiadom",49355,2019,8,3.63443440198898,3.4884665941347,-0.145967807854287,4.52,2018,2.65,1.57,190,"CB",0.0237894736842105,39.2,276,4.4954132231405
"277","Eric Murray",10740,2018,13,2.79805950018076,2.64939908618362,-0.148660413997143,4.49,2016,2.58,1.54,199,"S",0.0225628140703518,39.1,277,4.4954132231405
"278","Gareon Conley",11779,2019,9,3.25568967395358,3.10642981311609,-0.149259860837496,4.44,2017,2.58,1.56,195,"CB",0.0227692307692308,39,278,4.4954132231405
"279","Quandre Diggs",9633,2020,5,2.76273641586304,2.61175432037535,-0.150982095487689,4.56,2015,2.7,1.65,196,"CB",0.023265306122449,38.9,279,4.4954132231405
"280","Kevin King",11788,2020,8,3.62596368789673,3.47466897694759,-0.151294710949136,4.43,2017,2.57,1.51,200,"CB",0.02215,38.9,280,4.4954132231405
"281","Kevin King",12506,2020,8,3.62596368789673,3.47466897694759,-0.151294710949136,4.4954132231405,NA,2.63671171171171,1.58306306306306,NA,NA,NA,38.9,281,4.4954132231405
"282","Kevin King",15259,2020,8,3.62596368789673,3.47466897694759,-0.151294710949136,4.4954132231405,NA,2.63671171171171,1.58306306306306,NA,NA,NA,38.9,282,4.4954132231405
"283","Kevin King",19038,2020,8,3.62596368789673,3.47466897694759,-0.151294710949136,4.4954132231405,NA,2.63671171171171,1.58306306306306,NA,NA,NA,38.9,283,4.4954132231405
"284","Byron Jones",2667,2018,7,2.33463968549456,2.1830526311267,-0.151587054367861,4.4954132231405,NA,2.63671171171171,1.58306306306306,NA,NA,NA,38.9,284,4.4954132231405
"285","Byron Jones",9460,2018,7,2.33463968549456,2.1830526311267,-0.151587054367861,4.49,2015,2.6,1.57,199,"CB",0.0225628140703518,38.9,285,4.4954132231405
"286","Xavier Rhodes",7806,2019,5,2.93031642436981,2.77155521178691,-0.158761212582904,4.43,2013,2.59,1.58,210,"CB",0.0210952380952381,38.6,286,4.4954132231405
"287","Jimmy Smith",27,2019,6,2.69660905996958,2.53782964253804,-0.158779417431547,4.4954132231405,NA,2.63671171171171,1.58306306306306,NA,NA,NA,38.6,287,4.5
"288","Jimmy Smith",6179,2019,6,2.69660905996958,2.53782964253804,-0.158779417431547,4.42,2011,2.63,1.59,211,"CB",0.0209478672985782,38.6,288,4.5
"289","Amani Hooker",51378,2020,6,3.06677603721619,2.89905098707488,-0.167725050141312,4.48,2019,2.63671171171171,1.58306306306306,210,"S",0.0213333333333333,38.1,289,4.5
"290","Anthony Averett",50365,2019,5,3.05820150375366,2.88238287195549,-0.175818631798173,4.36,2018,2.54,1.5,183,"CB",0.0238251366120219,37.7,290,4.5
"291","Marshon Lattimore",11766,2019,14,2.72298739637647,2.53854833235744,-0.184439064019034,4.36,2017,2.53,1.48,193,"CB",0.0225906735751295,37.2,291,4.5
"292","Jimmie Ward",8665,2018,6,2.39310610294342,2.2068290678582,-0.186277035085224,4.51,2014,2.62,1.62,193,"CB",0.0233678756476684,37.2,292,4.5
"293","Andrew Adams",11240,2019,4,3.32241880893707,3.1307404109208,-0.191678398016275,4.58,2016,2.68,1.6,201,"S",0.0227860696517413,36.9,293,4.5
"294","Andrew Adams",42574,2019,4,3.32241880893707,3.1307404109208,-0.191678398016275,4.4954132231405,NA,2.63671171171171,1.58306306306306,NA,NA,NA,36.9,294,4.5
"295","Terrance Mitchell",8888,2018,6,2.82123629252116,2.62559196859258,-0.195644323928577,4.63,2014,2.68,1.59,192,"CB",0.0241145833333333,36.7,295,4.5
"296","Stephon Gilmore",7016,2020,10,2.76098387241364,2.5636532217652,-0.19733065064844,4.38,2012,2.54,1.52,190,"CB",0.0230526315789474,36.6,296,4.5
"297","Xavier Woods",11946,2019,5,2.72106680870056,2.506885744661,-0.21418106403956,4.54,2017,2.65,1.59,197,"S",0.0230456852791878,35.7,297,4.5
"298","Jeff Heath",8396,2018,4,2.36255770921707,2.13731290960153,-0.225244799615539,4.52,2013,2.77,1.64,209,"S",0.0216267942583732,35.2,298,4.5
"299","Terrell Edmunds",51334,2019,6,3.47823552290598,3.25228888498545,-0.225946637920538,4.47,2018,2.64,1.58,217,"S",0.0205990783410138,35.1,299,4.51
"300","Andrew Sendejo",6118,2018,4,3.24476593732834,3.01745347435538,-0.227312462972964,4.69,2010,2.7,1.62,208,"S",0.0225480769230769,35.1,300,4.51
"301","Shawn Williams",7865,2018,4,2.63708591461182,2.40817147054232,-0.228914444069492,4.46,2013,2.61,1.54,213,"S",0.0209389671361502,35,301,4.51
"302","Shawn Williams",121018,2018,4,2.63708591461182,2.40817147054232,-0.228914444069492,4.4954132231405,NA,2.63671171171171,1.58306306306306,NA,NA,NA,35,302,4.51
"303","Justin Simmons",10732,2018,5,2.68753447532654,2.45676207021018,-0.230772405116353,4.61,2016,2.67,1.6,202,"S",0.0228217821782178,34.9,303,4.51
"304","Justin Simmons",62558,2018,5,2.68753447532654,2.45676207021018,-0.230772405116353,4.4954132231405,NA,2.63671171171171,1.58306306306306,NA,NA,NA,34.9,304,4.51
"305","Ronald Darby",9483,2018,11,2.77530600807883,2.54057252283342,-0.234733485245412,4.38,2015,2.56,1.53,193,"CB",0.0226943005181347,34.7,305,4.51
"306","Marshon Lattimore",11766,2018,19,2.88664130160683,2.65186802014134,-0.234773281465489,4.36,2017,2.53,1.48,193,"CB",0.0225906735751295,34.7,306,4.51
"307","Jalen Ramsey",10639,2019,7,3.05689726557051,2.82027686896679,-0.236620396603714,4.41,2016,2.57,1.51,209,"CB",0.0211004784688995,34.6,307,4.52
"308","Duron Harmon",7872,2019,6,3.19299244880676,2.95571278891347,-0.237279659893291,4.55,2013,2.74,1.65,196,"S",0.0232142857142857,34.6,308,4.52
"309","Michael Davis",12040,2018,9,2.94386349784003,2.70121317617691,-0.242650321663127,4.44,2017,2.67,1.65,190,"CB",0.0233684210526316,34.3,309,4.52
"310","Michael Davis",26874,2018,9,2.94386349784003,2.70121317617691,-0.242650321663127,4.4954132231405,NA,2.63671171171171,1.58306306306306,NA,NA,NA,34.3,310,4.52
"311","Michael Davis",42417,2018,9,2.94386349784003,2.70121317617691,-0.242650321663127,4.4954132231405,NA,2.63671171171171,1.58306306306306,NA,NA,NA,34.3,311,4.52
"312","Michael Davis",108760,2018,9,2.94386349784003,2.70121317617691,-0.242650321663127,4.4954132231405,NA,2.63671171171171,1.58306306306306,NA,NA,NA,34.3,312,4.52
"313","Michael Davis",136807,2018,9,2.94386349784003,2.70121317617691,-0.242650321663127,4.4954132231405,NA,2.63671171171171,1.58306306306306,NA,NA,NA,34.3,313,4.52
"314","Coty Sensabaugh",7115,2018,13,3.13802012113424,2.89401920758079,-0.24400091355345,4.33,2012,2.45,1.53,189,"CB",0.0229100529100529,34.2,314,4.52
"315","Xavier Rhodes",7806,2020,13,3.80960633204533,3.56164881811039,-0.247957513934948,4.43,2013,2.59,1.58,210,"CB",0.0210952380952381,34,315,4.53
"316","Justin Reid",49048,2019,6,3.09006814161936,2.83195660476527,-0.258111536854095,4.4,2018,2.55,1.52,207,"S",0.021256038647343,33.5,316,4.53
"317","Marcus Williams",2886,2020,7,3.28384276798793,3.02340932311888,-0.260433444869052,4.4954132231405,NA,2.63671171171171,1.58306306306306,NA,NA,NA,33.4,317,4.53
"318","Marcus Williams",9115,2020,7,3.28384276798793,3.02340932311888,-0.260433444869052,4.61,2014,2.72,1.64,196,"CB",0.0235204081632653,33.4,318,4.53
"319","Marcus Williams",11797,2020,7,3.28384276798793,3.02340932311888,-0.260433444869052,4.56,2017,2.68,1.61,202,"S",0.0225742574257426,33.4,319,4.53
"320","Marcus Williams",26390,2020,7,3.28384276798793,3.02340932311888,-0.260433444869052,4.4954132231405,NA,2.63671171171171,1.58306306306306,NA,NA,NA,33.4,320,4.53
"321","Marcus Williams",32375,2020,7,3.28384276798793,3.02340932311888,-0.260433444869052,4.4954132231405,NA,2.63671171171171,1.58306306306306,NA,NA,NA,33.4,321,4.53
"322","Marcus Williams",60973,2020,7,3.28384276798793,3.02340932311888,-0.260433444869052,4.4954132231405,NA,2.63671171171171,1.58306306306306,NA,NA,NA,33.4,322,4.53
"323","Marcus Williams",90346,2020,7,3.28384276798793,3.02340932311888,-0.260433444869052,4.4954132231405,NA,2.63671171171171,1.58306306306306,NA,NA,NA,33.4,323,4.53
"324","Marcus Williams",99458,2020,7,3.28384276798793,3.02340932311888,-0.260433444869052,4.4954132231405,NA,2.63671171171171,1.58306306306306,NA,NA,NA,33.4,324,4.54
"325","Marcus Williams",100958,2020,7,3.28384276798793,3.02340932311888,-0.260433444869052,4.4954132231405,NA,2.63671171171171,1.58306306306306,NA,NA,NA,33.4,325,4.54
"326","Marcus Williams",111592,2020,7,3.28384276798793,3.02340932311888,-0.260433444869052,4.4954132231405,NA,2.63671171171171,1.58306306306306,NA,NA,NA,33.4,326,4.54
"327","Marcus Williams",115512,2020,7,3.28384276798793,3.02340932311888,-0.260433444869052,4.4954132231405,NA,2.63671171171171,1.58306306306306,NA,NA,NA,33.4,327,4.54
"328","Marcus Williams",142130,2020,7,3.28384276798793,3.02340932311888,-0.260433444869052,4.4954132231405,NA,2.63671171171171,1.58306306306306,NA,NA,NA,33.4,328,4.54
"329","Marcus Williams",145407,2020,7,3.28384276798793,3.02340932311888,-0.260433444869052,4.4954132231405,NA,2.63671171171171,1.58306306306306,NA,NA,NA,33.4,329,4.54
"330","Brandon Carr",4454,2019,5,2.69116883277893,2.4278130935372,-0.263355739241734,4.47,2008,2.65,1.54,207,"CB",0.0215942028985507,33.2,330,4.55
"331","Ken Webster",12955,2019,4,3.66023230552673,3.395899932542,-0.26433237298473,4.43,2019,2.63671171171171,1.58306306306306,203,"CB",0.0218226600985222,33.2,331,4.55
"332","Michael Davis",12040,2020,11,3.11019221219149,2.84161346398362,-0.268578748207872,4.44,2017,2.67,1.65,190,"CB",0.0233684210526316,33,332,4.55
"333","Michael Davis",26874,2020,11,3.11019221219149,2.84161346398362,-0.268578748207872,4.4954132231405,NA,2.63671171171171,1.58306306306306,NA,NA,NA,33,333,4.55
"334","Michael Davis",42417,2020,11,3.11019221219149,2.84161346398362,-0.268578748207872,4.4954132231405,NA,2.63671171171171,1.58306306306306,NA,NA,NA,33,334,4.55
"335","Michael Davis",108760,2020,11,3.11019221219149,2.84161346398362,-0.268578748207872,4.4954132231405,NA,2.63671171171171,1.58306306306306,NA,NA,NA,33,335,4.55
"336","Michael Davis",136807,2020,11,3.11019221219149,2.84161346398362,-0.268578748207872,4.4954132231405,NA,2.63671171171171,1.58306306306306,NA,NA,NA,33,336,4.55
"337","Bradley Roby",8666,2020,13,2.66444171392001,2.39072272333525,-0.273718990584756,4.39,2014,2.56,1.52,194,"CB",0.0226288659793814,32.7,337,4.55
"338","Stephon Gilmore",7016,2019,8,3.32583671808243,3.04957111102179,-0.27626560706064,4.38,2012,2.54,1.52,190,"CB",0.0230526315789474,32.6,338,4.55
"339","Marcus Williams",2886,2018,12,2.55548150340716,2.27684903718679,-0.278632466220373,4.4954132231405,NA,2.63671171171171,1.58306306306306,NA,NA,NA,32.5,339,4.55
"340","Marcus Williams",9115,2018,12,2.55548150340716,2.27684903718679,-0.278632466220373,4.61,2014,2.72,1.64,196,"CB",0.0235204081632653,32.5,340,4.55
"341","Marcus Williams",11797,2018,12,2.55548150340716,2.27684903718679,-0.278632466220373,4.56,2017,2.68,1.61,202,"S",0.0225742574257426,32.5,341,4.56
"342","Marcus Williams",26390,2018,12,2.55548150340716,2.27684903718679,-0.278632466220373,4.4954132231405,NA,2.63671171171171,1.58306306306306,NA,NA,NA,32.5,342,4.56
"343","Marcus Williams",32375,2018,12,2.55548150340716,2.27684903718679,-0.278632466220373,4.4954132231405,NA,2.63671171171171,1.58306306306306,NA,NA,NA,32.5,343,4.56
"344","Marcus Williams",60973,2018,12,2.55548150340716,2.27684903718679,-0.278632466220373,4.4954132231405,NA,2.63671171171171,1.58306306306306,NA,NA,NA,32.5,344,4.56
"345","Marcus Williams",90346,2018,12,2.55548150340716,2.27684903718679,-0.278632466220373,4.4954132231405,NA,2.63671171171171,1.58306306306306,NA,NA,NA,32.5,345,4.56
"346","Marcus Williams",99458,2018,12,2.55548150340716,2.27684903718679,-0.278632466220373,4.4954132231405,NA,2.63671171171171,1.58306306306306,NA,NA,NA,32.5,346,4.56
"347","Marcus Williams",100958,2018,12,2.55548150340716,2.27684903718679,-0.278632466220373,4.4954132231405,NA,2.63671171171171,1.58306306306306,NA,NA,NA,32.5,347,4.56
"348","Marcus Williams",111592,2018,12,2.55548150340716,2.27684903718679,-0.278632466220373,4.4954132231405,NA,2.63671171171171,1.58306306306306,NA,NA,NA,32.5,348,4.56
"349","Marcus Williams",115512,2018,12,2.55548150340716,2.27684903718679,-0.278632466220373,4.4954132231405,NA,2.63671171171171,1.58306306306306,NA,NA,NA,32.5,349,4.56
"350","Marcus Williams",142130,2018,12,2.55548150340716,2.27684903718679,-0.278632466220373,4.4954132231405,NA,2.63671171171171,1.58306306306306,NA,NA,NA,32.5,350,4.56
"351","Marcus Williams",145407,2018,12,2.55548150340716,2.27684903718679,-0.278632466220373,4.4954132231405,NA,2.63671171171171,1.58306306306306,NA,NA,NA,32.5,351,4.56
"352","Maurice Canady",10843,2019,4,2.4348683655262,2.14471039210717,-0.290157973419027,4.49,2016,2.63,1.62,193,"CB",0.0232642487046632,31.9,352,4.57
"353","Rodney McLeod",7271,2019,10,2.91858456134796,2.62644437396336,-0.292140187384606,4.64,2012,2.71,1.61,183,"S",0.0253551912568306,31.8,353,4.57
"354","Tre Flowers",49059,2019,20,3.42161245346069,3.12841725678623,-0.293195196674466,4.45,2018,2.58,1.53,202,"CB",0.022029702970297,31.7,354,4.57
"355","T.J. Carrie",8853,2019,13,3.39630191142743,3.08363059092032,-0.312671320507101,4.47,2014,2.66,1.61,206,"CB",0.0216990291262136,30.7,355,4.57
"356","Adoree' Jackson",11773,2018,5,2.84205560684204,2.51829468522065,-0.323760921621389,4.42,2017,2.56,1.52,186,"CB",0.0237634408602151,30.2,356,4.58
"357","Duron Harmon",7872,2020,4,2.6745171546936,2.3418943081137,-0.332622846579901,4.55,2013,2.74,1.65,196,"S",0.0232142857142857,29.7,357,4.58
"358","Quincy Wilson",11801,2018,6,2.6798890431722,2.34681054422555,-0.333078498946646,4.54,2017,2.65,1.58,211,"CB",0.0215165876777251,29.7,358,4.58
"359","Lonnie Johnson Jr.",55615,2019,10,2.88798216581345,2.55230237107359,-0.335679794739857,4.52,2019,2.73,1.63,213,"S",0.0212206572769953,29.6,359,4.58
"360","Joe Haden",5532,2018,8,3.41144707798958,3.07411708993043,-0.337329988059153,4.52,2010,2.72,1.6,193,"CB",0.023419689119171,29.5,360,4.58
"361","Dre Kirkpatrick",7023,2020,11,3.1845335743644,2.83033191265637,-0.35420166170803,4.5,2012,2.72,1.56,186,"CB",0.0241935483870968,28.6,361,4.58
"362","Jaire Alexander",49350,2019,4,3.27991163730621,2.89105652122345,-0.388855116082766,4.38,2018,2.55,1.52,196,"CB",0.0223469387755102,26.9,362,4.58
"363","Davontae Harris",37492,2019,5,2.89162764549255,2.50073024799361,-0.390897397498942,4.43,2018,2.63,1.56,205,"CB",0.021609756097561,26.8,363,4.59
"364","DeShon Elliott",28854,2020,4,2.98135298490524,2.58768584459722,-0.393667140308022,4.58,2018,2.63671171171171,1.58306306306306,210,"S",0.0218095238095238,26.6,364,4.59
"365","Xavien Howard",10672,2020,5,3.07995510101318,2.68142406830083,-0.39853103271235,4.58,2016,2.67,1.61,201,"CB",0.0227860696517413,26.4,365,4.59
"366","Rasul Douglas",11854,2020,17,3.03565565978779,2.63690346125501,-0.398752198532788,4.59,2017,2.64,1.57,209,"CB",0.0219617224880383,26.4,366,4.59
"367","Teez Tabor",11808,2018,4,2.88082921504974,2.47730099457545,-0.403528220474296,4.62,2017,2.67,1.58,199,"CB",0.0232160804020101,26.1,367,4.59
"368","Jaire Alexander",49350,2020,4,3.06935960054397,2.6632179375311,-0.40614166301287,4.38,2018,2.55,1.52,196,"CB",0.0223469387755102,26,368,4.59
"369","Vonn Bell",10695,2019,4,2.72735184431076,2.31623261185508,-0.411119232455679,4.57,2016,2.7,1.65,199,"S",0.022964824120603,25.7,369,4.59
"370","D.J. Swearinger Sr.",7838,2018,4,2.88259488344193,2.46526204623076,-0.417332837211165,4.67,2013,2.7,1.63,208,"S",0.0224519230769231,25.4,370,4.6
"371","Vernon Hargreaves III",10645,2019,13,3.2734990303333,2.85300578795808,-0.420493242375221,4.5,2016,2.62,1.58,204,"CB",0.0220588235294118,25.3,371,4.61
"372","Lamar Jackson",50532,2020,4,3.16382956504822,2.73229762163168,-0.431531943416538,4.58,2020,2.63671171171171,1.58306306306306,208,"CB",0.0220192307692308,24.7,372,4.61
"373","Jeff Heath",8396,2019,4,2.78207728266716,2.34323318900731,-0.438844093659849,4.52,2013,2.77,1.64,209,"S",0.0216267942583732,24.3,373,4.61
"374","Stephon Gilmore",7016,2018,18,3.02596626016829,2.5767242899473,-0.44924197022099,4.38,2012,2.54,1.52,190,"CB",0.0230526315789474,23.8,374,4.61
"375","Minkah Fitzpatrick",51206,2018,5,3.49201278686524,3.03627079646126,-0.455741990403971,4.46,2018,2.58,1.52,204,"S",0.0218627450980392,23.5,375,4.61
"376","Justin Hardee",18348,2018,4,3.33483403921127,2.85958917043523,-0.47524486877604,4.4,2017,2.64,1.57,197,"CB",0.0223350253807107,22.5,376,4.61
"377","Tashaun Gipson Sr.",7288,2020,6,3.22365315755208,2.73271139178294,-0.490941765769149,4.65,2012,2.8,1.64,206,"S",0.0225728155339806,21.7,377,4.61
"378","Chris Harris Jr.",6457,2019,7,3.04232680797577,2.53566286664999,-0.506663941325782,4.52,2011,2.71,1.64,194,"CB",0.0232989690721649,20.9,378,4.61
"379","Chris Harris Jr.",57847,2019,7,3.04232680797577,2.53566286664999,-0.506663941325782,4.4954132231405,NA,2.63671171171171,1.58306306306306,NA,NA,NA,20.9,379,4.61
"380","Greg Stroman",49354,2018,7,2.9099338054657,2.38718485658035,-0.522748948885345,4.48,2018,2.62,1.58,182,"CB",0.0246153846153846,20.1,380,4.61
"381","Carlton Davis",49335,2020,4,2.79306954145432,2.20146518362678,-0.591604357827534,4.53,2018,2.64,1.59,206,"CB",0.0219902912621359,16.6,381,4.61
"382","Dont'e Deayon",11242,2019,5,2.97268848419189,2.33302907891849,-0.639659405273402,4.61,2016,2.71,1.66,158,"CB",0.0291772151898734,14.1,382,4.62
"383","Antoine Bethea",3152,2019,4,2.84425669908524,2.19049213964148,-0.653764559443761,4.39,2006,2.57,1.53,203,"S",0.0216256157635468,13.4,383,4.62
"384","Tre'Davious White",11782,2018,5,2.88593215942383,2.20342351838734,-0.682508641036494,4.47,2017,2.61,1.52,192,"CB",0.02328125,11.9,384,4.63
"385","Kenny Vaccaro",7796,2018,4,2.52866631746292,1.81887349916573,-0.709792818297189,4.63,2013,2.68,1.6,214,"S",0.0216355140186916,10.6,385,4.63
"386","Tarvarius Moore",49178,2018,6,3.09565567970276,2.3658485894034,-0.72980709029936,4.36,2018,2.58,1.57,199,"CB",0.0219095477386935,9.5,386,4.63
"387","Chris Jones",2669,2019,6,3.31750694910685,2.57686403365146,-0.740642915455395,4.4954132231405,NA,2.63671171171171,1.58306306306306,NA,NA,NA,9,387,4.63
"388","Chris Jones",6798,2019,6,3.31750694910685,2.57686403365146,-0.740642915455395,4.4954132231405,NA,2.63671171171171,1.58306306306306,NA,NA,NA,9,388,4.63
"389","Chris Jones",12945,2019,6,3.31750694910685,2.57686403365146,-0.740642915455395,4.4954132231405,NA,2.63671171171171,1.58306306306306,NA,NA,NA,9,389,4.63
"390","Chris Jones",15633,2019,6,3.31750694910685,2.57686403365146,-0.740642915455395,4.4954132231405,NA,2.63671171171171,1.58306306306306,NA,NA,NA,9,390,4.63
"391","Chris Jones",28109,2019,6,3.31750694910685,2.57686403365146,-0.740642915455395,4.4954132231405,NA,2.63671171171171,1.58306306306306,NA,NA,NA,9,391,4.64
"392","Chris Jones",30464,2019,6,3.31750694910685,2.57686403365146,-0.740642915455395,4.4954132231405,NA,2.63671171171171,1.58306306306306,NA,NA,NA,9,392,4.64
"393","Chris Jones",38964,2019,6,3.31750694910685,2.57686403365146,-0.740642915455395,4.4954132231405,NA,2.63671171171171,1.58306306306306,NA,NA,NA,9,393,4.64
"394","Chris Jones",40849,2019,6,3.31750694910685,2.57686403365146,-0.740642915455395,4.4954132231405,NA,2.63671171171171,1.58306306306306,NA,NA,NA,9,394,4.64
"395","Chris Jones",45815,2019,6,3.31750694910685,2.57686403365146,-0.740642915455395,4.4954132231405,NA,2.63671171171171,1.58306306306306,NA,NA,NA,9,395,4.64
"396","Chris Jones",49339,2019,6,3.31750694910685,2.57686403365146,-0.740642915455395,4.57,2018,2.72,1.64,200,"CB",0.02285,9,396,4.65
"397","Chris Jones",53803,2019,6,3.31750694910685,2.57686403365146,-0.740642915455395,4.4954132231405,NA,2.63671171171171,1.58306306306306,NA,NA,NA,9,397,4.66
"398","Chris Jones",54568,2019,6,3.31750694910685,2.57686403365146,-0.740642915455395,4.4954132231405,NA,2.63671171171171,1.58306306306306,NA,NA,NA,9,398,4.66
"399","Chris Jones",65097,2019,6,3.31750694910685,2.57686403365146,-0.740642915455395,4.4954132231405,NA,2.63671171171171,1.58306306306306,NA,NA,NA,9,399,4.66
"400","Chris Jones",69925,2019,6,3.31750694910685,2.57686403365146,-0.740642915455395,4.4954132231405,NA,2.63671171171171,1.58306306306306,NA,NA,NA,9,400,4.66
"401","Chris Jones",93732,2019,6,3.31750694910685,2.57686403365146,-0.740642915455395,4.4954132231405,NA,2.63671171171171,1.58306306306306,NA,NA,NA,9,401,4.67
"402","Chris Jones",115534,2019,6,3.31750694910685,2.57686403365146,-0.740642915455395,4.4954132231405,NA,2.63671171171171,1.58306306306306,NA,NA,NA,9,402,4.69
"403","Chris Jones",123601,2019,6,3.31750694910685,2.57686403365146,-0.740642915455395,4.4954132231405,NA,2.63671171171171,1.58306306306306,NA,NA,NA,9,403,4.69
"404","Chris Jones",132553,2019,6,3.31750694910685,2.57686403365146,-0.740642915455395,4.4954132231405,NA,2.63671171171171,1.58306306306306,NA,NA,NA,9,404,4.69
"405","Chris Jones",150407,2019,6,3.31750694910685,2.57686403365146,-0.740642915455395,4.4954132231405,NA,2.63671171171171,1.58306306306306,NA,NA,NA,9,405,4.69
"406","Nevin Lawson",8768,2018,7,2.86253363745553,1.9785555319957,-0.883978105459832,4.48,2014,2.66,1.59,190,"CB",0.0235789473684211,1.7,406,4.69
"407","Quinton Dunbar",10073,2020,5,3.63397994041443,2.71630290948969,-0.917677030924738,4.48,2015,2.56,1.54,201,"WR",0.0222885572139303,0,407,4.83
